Month,Average Electricity Consumption (kWh)
Month 1,60.0
Month 2,50.0
Month 3,40.0
Month 4,30.0
Month 5,25.0
Month 6,33.66025403784439
Month 7,16.339745962155618
Month 8,24.999999999999996
Month 9,40.0
Month 10,30.0
Month 11,30.0
Month 12,40.0
Month 13,75.0
Month 14,10.0
Month 15,35.0
Month 16,50.0
Month 17,35.0
Month 18,28.0
Month 19,28.0
Month 20,29.0
Month 21,28.0
Month 22,32.0
Month 23,32.0
Month 24,32.0
