Week,Average Screen Time (hrs)
Week 1,10.0
Week 2,20.0
Week 3,30.0
Week 4,40.0
Week 5,15.0
Week 6,23.66025403784439
Week 7,6.339745962155618
Week 8,14.999999999999998
Week 9,30.0
Week 10,50.0
Week 11,50.0
Week 12,30.0
Week 13,80.0
Week 14,5.0
Week 15,20.0
Week 16,30.0
Week 17,20.0
Week 18,25.0
Week 19,25.0
Week 20,22.0
